{
  "predictor_names": [
    "rule_based_local",
    "rule_based_negotiated",
    "mlp_local",
    "mlp_negotiated"
  ],
  "overall_role_accuracy": {
    "rule_based_local": 0.6,
    "rule_based_negotiated": 0.7054054054054054,
    "mlp_local": 0.9027027027027027,
    "mlp_negotiated": 0.9432432432432433
  },
  "per_role_accuracy": {
    "reactive_nucleophile": {
      "rule_based_local": 1.0,
      "rule_based_negotiated": 0.9411764705882353,
      "mlp_local": 0.8941176470588236,
      "mlp_negotiated": 0.8941176470588236
    },
    "reactive_electrophile": {
      "rule_based_local": 0.5,
      "rule_based_negotiated": 0.7894736842105263,
      "mlp_local": 0.9210526315789473,
      "mlp_negotiated": 1.0
    },
    "reactive_radical": {
      "rule_based_local": 1.0,
      "rule_based_negotiated": 1.0,
      "mlp_local": 1.0,
      "mlp_negotiated": 1.0
    },
    "leaving_group": {
      "rule_based_local": 1.0,
      "rule_based_negotiated": 1.0,
      "mlp_local": 1.0,
      "mlp_negotiated": 1.0
    },
    "spectator": {
      "rule_based_local": 0.3081761006289308,
      "rule_based_negotiated": 0.44654088050314467,
      "mlp_local": 0.8679245283018868,
      "mlp_negotiated": 0.9245283018867925
    }
  },
  "per_mechanism_accuracy": {
    "aldol": {
      "rule_based_local": 0.5862068965517241,
      "rule_based_negotiated": 0.9310344827586207,
      "mlp_local": 0.7241379310344828,
      "mlp_negotiated": 0.7931034482758621
    },
    "benzylic_radical_bromination": {
      "rule_based_local": 1.0,
      "rule_based_negotiated": 1.0,
      "mlp_local": 1.0,
      "mlp_negotiated": 1.0
    },
    "carbonyl_addition": {
      "rule_based_local": 0.4594594594594595,
      "rule_based_negotiated": 0.6756756756756757,
      "mlp_local": 1.0,
      "mlp_negotiated": 1.0
    },
    "control": {
      "rule_based_local": 0.75,
      "rule_based_negotiated": 0.75,
      "mlp_local": 0.9166666666666666,
      "mlp_negotiated": 0.9166666666666666
    },
    "cross_aldol": {
      "rule_based_local": 0.8095238095238095,
      "rule_based_negotiated": 0.9523809523809523,
      "mlp_local": 0.8095238095238095,
      "mlp_negotiated": 0.8095238095238095
    },
    "diels_alder": {
      "rule_based_local": 0.5542168674698795,
      "rule_based_negotiated": 0.8192771084337349,
      "mlp_local": 0.8674698795180723,
      "mlp_negotiated": 0.9397590361445783
    },
    "e2": {
      "rule_based_local": 1.0,
      "rule_based_negotiated": 1.0,
      "mlp_local": 1.0,
      "mlp_negotiated": 1.0
    },
    "ester_control": {
      "rule_based_local": 0.05555555555555555,
      "rule_based_negotiated": 0.05555555555555555,
      "mlp_local": 1.0,
      "mlp_negotiated": 1.0
    },
    "hetero_diels_alder": {
      "rule_based_local": 0.3333333333333333,
      "rule_based_negotiated": 0.0,
      "mlp_local": 0.75,
      "mlp_negotiated": 0.75
    },
    "michael_addition": {
      "rule_based_local": 0.25,
      "rule_based_negotiated": 0.25,
      "mlp_local": 0.8125,
      "mlp_negotiated": 0.9583333333333334
    },
    "nitrile_control": {
      "rule_based_local": 0.5555555555555556,
      "rule_based_negotiated": 0.5555555555555556,
      "mlp_local": 1.0,
      "mlp_negotiated": 1.0
    },
    "nitroalkane_deprotonation": {
      "rule_based_local": 1.0,
      "rule_based_negotiated": 1.0,
      "mlp_local": 1.0,
      "mlp_negotiated": 1.0
    },
    "reductive_amination": {
      "rule_based_local": 0.7272727272727273,
      "rule_based_negotiated": 0.7272727272727273,
      "mlp_local": 1.0,
      "mlp_negotiated": 1.0
    },
    "sn2": {
      "rule_based_local": 1.0,
      "rule_based_negotiated": 1.0,
      "mlp_local": 1.0,
      "mlp_negotiated": 1.0
    }
  },
  "reaction_center": {
    "rule_based_local": {
      "precision": 0.0,
      "recall": 0.0,
      "f1": 0.0
    },
    "rule_based_negotiated": {
      "precision": 0.8174603174603174,
      "recall": 0.8997395833333334,
      "f1": 0.9125
    },
    "mlp_local": {
      "precision": 0.0,
      "recall": 0.0,
      "f1": 0.0
    },
    "mlp_negotiated": {
      "precision": 0.9295865633074936,
      "recall": 0.8471354166666667,
      "f1": 0.8795386904761905
    }
  },
  "best_predictor_by_overall_accuracy": "mlp_negotiated",
  "notes": [
    "Ground truth comes only from LabeledReaction.group_roles.",
    "Unlabeled detected groups are ignored for role accuracy.",
    "Missing labeled group IDs count as incorrect."
  ]
}