{
  "predictor_names": [
    "rule_based_local",
    "rule_based_negotiated",
    "mlp_local",
    "mlp_negotiated"
  ],
  "overall_role_accuracy": {
    "rule_based_local": 0.634020618556701,
    "rule_based_negotiated": 0.711340206185567,
    "mlp_local": 0.9432989690721649,
    "mlp_negotiated": 0.9742268041237113
  },
  "per_role_accuracy": {
    "reactive_nucleophile": {
      "rule_based_local": 1.0,
      "rule_based_negotiated": 0.9603960396039604,
      "mlp_local": 0.9900990099009901,
      "mlp_negotiated": 0.9603960396039604
    },
    "reactive_electrophile": {
      "rule_based_local": 0.5476190476190477,
      "rule_based_negotiated": 0.8095238095238095,
      "mlp_local": 0.9285714285714286,
      "mlp_negotiated": 1.0
    },
    "reactive_radical": {
      "rule_based_local": 1.0,
      "rule_based_negotiated": 1.0,
      "mlp_local": 1.0,
      "mlp_negotiated": 1.0
    },
    "leaving_group": {
      "rule_based_local": 1.0,
      "rule_based_negotiated": 1.0,
      "mlp_local": 1.0,
      "mlp_negotiated": 1.0
    },
    "spectator": {
      "rule_based_local": 0.3202614379084967,
      "rule_based_negotiated": 0.39869281045751637,
      "mlp_local": 0.9019607843137255,
      "mlp_negotiated": 0.9607843137254902
    }
  },
  "per_mechanism_accuracy": {
    "aldol": {
      "rule_based_local": 0.8723404255319149,
      "rule_based_negotiated": 0.8936170212765957,
      "mlp_local": 0.8936170212765957,
      "mlp_negotiated": 0.851063829787234
    },
    "benzylic_radical_bromination": {
      "rule_based_local": 1.0,
      "rule_based_negotiated": 1.0,
      "mlp_local": 1.0,
      "mlp_negotiated": 1.0
    },
    "carbonyl_addition": {
      "rule_based_local": 0.4594594594594595,
      "rule_based_negotiated": 0.6756756756756757,
      "mlp_local": 1.0,
      "mlp_negotiated": 1.0
    },
    "control": {
      "rule_based_local": 0.75,
      "rule_based_negotiated": 0.75,
      "mlp_local": 1.0,
      "mlp_negotiated": 1.0
    },
    "cross_aldol": {
      "rule_based_local": 0.8095238095238095,
      "rule_based_negotiated": 0.9523809523809523,
      "mlp_local": 0.8095238095238095,
      "mlp_negotiated": 0.8571428571428571
    },
    "diels_alder": {
      "rule_based_local": 0.5542168674698795,
      "rule_based_negotiated": 0.8192771084337349,
      "mlp_local": 0.927710843373494,
      "mlp_negotiated": 1.0
    },
    "e2": {
      "rule_based_local": 1.0,
      "rule_based_negotiated": 1.0,
      "mlp_local": 1.0,
      "mlp_negotiated": 1.0
    },
    "ester_control": {
      "rule_based_local": 0.05555555555555555,
      "rule_based_negotiated": 0.05555555555555555,
      "mlp_local": 1.0,
      "mlp_negotiated": 1.0
    },
    "hetero_diels_alder": {
      "rule_based_local": 0.3333333333333333,
      "rule_based_negotiated": 0.0,
      "mlp_local": 1.0,
      "mlp_negotiated": 1.0
    },
    "michael_addition": {
      "rule_based_local": 0.25,
      "rule_based_negotiated": 0.25,
      "mlp_local": 0.8541666666666666,
      "mlp_negotiated": 1.0
    },
    "nitrile_control": {
      "rule_based_local": 0.5555555555555556,
      "rule_based_negotiated": 0.5555555555555556,
      "mlp_local": 1.0,
      "mlp_negotiated": 1.0
    },
    "nitroalkane_deprotonation": {
      "rule_based_local": 1.0,
      "rule_based_negotiated": 1.0,
      "mlp_local": 1.0,
      "mlp_negotiated": 1.0
    },
    "reductive_amination": {
      "rule_based_local": 0.7272727272727273,
      "rule_based_negotiated": 0.7272727272727273,
      "mlp_local": 1.0,
      "mlp_negotiated": 1.0
    },
    "sn2": {
      "rule_based_local": 1.0,
      "rule_based_negotiated": 1.0,
      "mlp_local": 1.0,
      "mlp_negotiated": 1.0
    }
  },
  "reaction_center": {
    "rule_based_local": {
      "precision": 0.0,
      "recall": 0.0,
      "f1": 0.0
    },
    "rule_based_negotiated": {
      "precision": 0.8246187363834423,
      "recall": 0.9042288557213931,
      "f1": 0.9164179104477612
    },
    "mlp_local": {
      "precision": 0.0,
      "recall": 0.0,
      "f1": 0.0
    },
    "mlp_negotiated": {
      "precision": 0.9359452736318409,
      "recall": 0.845273631840796,
      "f1": 0.8781094527363185
    }
  },
  "best_predictor_by_overall_accuracy": "mlp_negotiated",
  "notes": [
    "Ground truth comes only from LabeledReaction.group_roles.",
    "Unlabeled detected groups are ignored for role accuracy.",
    "Missing labeled group IDs count as incorrect."
  ]
}