{
  "n_examples": 723,
  "n_positive": 295,
  "n_negative": 428,
  "positive_fraction": 0.40802213001383125,
  "split_distribution": {
    "train": 562,
    "val": 59,
    "test": 102
  },
  "mechanism_distribution": {
    "sn2": 98,
    "e2": 91,
    "diels_alder": 118,
    "aldol": 13,
    "radical_bromination": 3,
    "benzylic_radical_bromination": 111,
    "cross_aldol": 11,
    "carbonyl_addition": 88,
    "control": 60,
    "nitroalkane_deprotonation": 46,
    "ester_control": 51,
    "nitrile_control": 33
  },
  "train_loss_history": [
    0.8012696760041373,
    0.7479607917013622,
    0.6800718449410939,
    0.6032986640930176,
    0.5271137697356088,
    0.45840066813287283,
    0.409731163865044,
    0.37266770005226135,
    0.34673539513633367,
    0.32896075929914204,
    0.31411344096774146,
    0.3010199325425284,
    0.2897612750530243,
    0.2824521596942629,
    0.2776458128577187,
    0.26954192561762674,
    0.26520814569223494,
    0.2614726949305761,
    0.2564776284354074,
    0.2537236185300918,
    0.24993354224023365,
    0.2471348143049649,
    0.24393085780597867,
    0.24233302474021912,
    0.2365915739820117,
    0.23465578116121746,
    0.2314312741869972,
    0.23040943770181566,
    0.2279272334916251,
    0.22891066116946085,
    0.2235319967426005,
    0.221404876382578,
    0.2220864100825219,
    0.221134038908141,
    0.21677884885243007,
    0.21502512374094554,
    0.21426565590358915,
    0.21586254274561292,
    0.21323172925483613,
    0.21389170239369074,
    0.21102071837300346,
    0.21192625058548792,
    0.2083454770701272,
    0.20765881027494157,
    0.20626995818955557,
    0.20507953280494326,
    0.20514138646069027,
    0.20392487375509172,
    0.2024152630141803,
    0.20551211351440066,
    0.2009072124603249,
    0.20208837624107087,
    0.2004884435307412,
    0.20020730651560284,
    0.19872111082077026,
    0.19676876493862697,
    0.19850497338033857,
    0.19978396736440204,
    0.20002818834923564,
    0.19773598441055842,
    0.19644753634929657,
    0.1956948492498625,
    0.1938237026333809,
    0.19359177280040013,
    0.19523995547067552,
    0.191802896914028,
    0.1912587151995727,
    0.1929572114632243,
    0.19204302806229817,
    0.1894876371536936,
    0.19046854227781296,
    0.18990055365221842,
    0.18917809728355633,
    0.1880982354992912,
    0.1882078211222376,
    0.18874279161294302,
    0.18625471670003163,
    0.18848142560039247,
    0.18776528537273407,
    0.18500124166409174
  ],
  "train_accuracy": 0.9367469879518072,
  "val_accuracy": 0.8813559322033898,
  "val_precision": 0.7333333333333333,
  "val_recall": 0.7857142857142857,
  "val_f1": 0.7586206896551724,
  "threshold": 0.5,
  "warnings": [],
  "metadata": {
    "hidden_dim": 32,
    "epochs": 80,
    "batch_size": 32,
    "learning_rate": 0.001,
    "use_class_weights": true,
    "pos_weight": 1.4508475065231323,
    "seed": 42,
    "device": "cpu",
    "scope_note": "Atom reaction-center classifier only; no MLIP or energy/force training."
  }
}