{
  "predictor_name": "atom_center_head",
  "n_reactions": 148,
  "n_atom_examples": 930,
  "atom_accuracy": 0.9182795698924732,
  "atom_precision": 0.9317647058823529,
  "atom_recall": 0.8939051918735892,
  "atom_f1": 0.9124423963133641,
  "reaction_center_precision": 0.9313218390804597,
  "reaction_center_recall": 0.9554597701149425,
  "reaction_center_f1": 0.9345648604269293,
  "per_mechanism_f1": {
    "aldol": 0.7404761904761905,
    "benzylic_radical_bromination": 0.9274725274725275,
    "carbonyl_addition": 0.9333333333333333,
    "control": null,
    "cross_aldol": 0.7857142857142858,
    "diels_alder": 0.9848484848484849,
    "e2": 0.9,
    "ester_control": null,
    "hetero_diels_alder": 1.0,
    "nitrile_control": null,
    "nitroalkane_deprotonation": 1.0,
    "radical_bromination": 0.8,
    "reductive_amination": 0.9142857142857143,
    "sn2": 0.9741496598639455
  },
  "threshold": 0.5,
  "metadata": {
    "scope_note": "Atom reaction-center classifier only; no MLIP.",
    "exact_match": 82,
    "empty_truth": 32,
    "empty_prediction": 0,
    "partial_overlap": 34,
    "extra_atoms": 23,
    "wrong_nonoverlap": 0
  }
}