{
  "n_examples": 459,
  "n_positive": 222,
  "n_negative": 237,
  "positive_fraction": 0.48366013071895425,
  "split_distribution": {
    "train": 329,
    "test": 26,
    "val": 104
  },
  "mechanism_distribution": {
    "sn2": 80,
    "e2": 61,
    "diels_alder": 70,
    "aldol": 13,
    "radical_bromination": 3,
    "benzylic_radical_bromination": 69,
    "cross_aldol": 11,
    "carbonyl_addition": 52,
    "control": 48,
    "nitroalkane_deprotonation": 16,
    "ester_control": 21,
    "nitrile_control": 15
  },
  "train_loss_history": [
    0.7082655479510626,
    0.686092808842659,
    0.6651089489459991,
    0.6349822282791138,
    0.6124002585808436,
    0.5902246087789536,
    0.5583895593881607,
    0.51552086075147,
    0.4853213106592496,
    0.4595738922556241,
    0.42909086247285205,
    0.4211244732141495,
    0.3953551227847735,
    0.3885278155406316,
    0.3681996961434682,
    0.336846341068546,
    0.32568431956072647,
    0.35694356511036557,
    0.3080237979690234,
    0.3273284062743187,
    0.30895405014355976,
    0.28719965772082406,
    0.30044936388731003,
    0.285069290548563,
    0.2702618759746353,
    0.27311402310927707,
    0.28349049265185994,
    0.2763131248454253,
    0.2691734346250693,
    0.2591906115412712,
    0.2599634677171707,
    0.25680093715588254,
    0.24706493069728216,
    0.2756083272397518,
    0.24904105067253113,
    0.23861538246273994,
    0.24706983814636865,
    0.23673216874400774,
    0.22252780804410577,
    0.22921122734745344,
    0.22058845528711876,
    0.22199574174980322,
    0.22939596946040788,
    0.23503517545759678,
    0.21399679593741894,
    0.22483345369497934,
    0.2105665678003182,
    0.24700900291403136,
    0.23825246716539064,
    0.23509573936462402,
    0.20949575367073217,
    0.227148175239563,
    0.2044275631196797,
    0.20860254454116026,
    0.23385892932613692,
    0.23248505468169847,
    0.26672592014074326,
    0.24340680986642838,
    0.20495751313865185,
    0.21993337757885456,
    0.20336242392659187,
    0.19656155270058662,
    0.1980754192918539,
    0.19696092481414476,
    0.23482964746654034,
    0.2554512210190296,
    0.19633533945307136,
    0.21035847812891006,
    0.22065046491722265,
    0.1951572522521019,
    0.2097454071044922,
    0.2133339631060759,
    0.19484739440182844,
    0.20287336160739264,
    0.19138833878484243,
    0.19295263507713875,
    0.20579025025169054,
    0.1906309126255413,
    0.19212074857205153,
    0.21604615511993566
  ],
  "train_accuracy": 0.9267605633802817,
  "val_accuracy": 0.6634615384615384,
  "val_precision": 0.4482758620689655,
  "val_recall": 0.40625,
  "val_f1": 0.4262295081967213,
  "threshold": 0.5,
  "warnings": [],
  "metadata": {
    "hidden_dim": 32,
    "epochs": 80,
    "batch_size": 32,
    "learning_rate": 0.001,
    "use_class_weights": true,
    "pos_weight": 1.0675675868988037,
    "seed": 42,
    "device": "cpu",
    "scope_note": "Atom reaction-center classifier only; no MLIP or energy/force training."
  }
}