{
  "n_examples": 723,
  "n_positive": 312,
  "n_negative": 411,
  "positive_fraction": 0.4315352697095436,
  "split_distribution": {
    "train": 292,
    "val": 220,
    "test": 211
  },
  "mechanism_distribution": {
    "sn2": 98,
    "e2": 91,
    "diels_alder": 118,
    "aldol": 13,
    "radical_bromination": 3,
    "benzylic_radical_bromination": 111,
    "cross_aldol": 11,
    "carbonyl_addition": 88,
    "control": 60,
    "nitroalkane_deprotonation": 46,
    "ester_control": 51,
    "nitrile_control": 33
  },
  "train_loss_history": [
    0.7745397798717022,
    0.7411936596035957,
    0.7017570994794369,
    0.6550980918109417,
    0.6043694540858269,
    0.5505391750484705,
    0.49745470844209194,
    0.45780044980347157,
    0.4187906850129366,
    0.3895149938762188,
    0.3693234696984291,
    0.3511031102389097,
    0.33534272108227015,
    0.3188367234542966,
    0.30984512623399496,
    0.2997224973514676,
    0.2913888916373253,
    0.2858603987842798,
    0.27753398986533284,
    0.2764882231131196,
    0.2690797531977296,
    0.26294608041644096,
    0.26106634736061096,
    0.26073017809540033,
    0.2545004989951849,
    0.25024019461125135,
    0.24783337581902742,
    0.2476592785678804,
    0.24519807612523437,
    0.2404722711071372,
    0.23838090151548386,
    0.23832536675035954,
    0.23307410720735788,
    0.23095028847455978,
    0.22972455900162458,
    0.22794546652585268,
    0.22823007963597775,
    0.22378317825496197,
    0.2211207621730864,
    0.22283154353499413,
    0.22027004649862647,
    0.21811199886724353,
    0.2176305828616023,
    0.21567869000136852,
    0.21483170986175537,
    0.2132242782972753,
    0.21024194895289838,
    0.2112061041407287,
    0.21053025033324957,
    0.21184051036834717,
    0.2081056870520115,
    0.20850452268496156,
    0.2061321623623371,
    0.20685404585674405,
    0.20759295113384724,
    0.20511037483811378,
    0.20271352725103498,
    0.20658465148881078,
    0.20523019414395094,
    0.20115741435438395,
    0.20268408115953207,
    0.20223374525085092,
    0.19949313485994935,
    0.20092950947582722,
    0.20047026919201016,
    0.2022852967493236,
    0.20275288494303823,
    0.2010936459992081,
    0.19645456550642848,
    0.19579589180648327,
    0.19378523947671056,
    0.1956218013074249,
    0.19450667034834623,
    0.1947474991902709,
    0.1947243814356625,
    0.1933510152157396,
    0.19519244227558374,
    0.19099566340446472,
    0.1928854170255363,
    0.19340654648840427
  ],
  "train_accuracy": 0.9343936381709742,
  "val_accuracy": 0.9227272727272727,
  "val_precision": 0.8863636363636364,
  "val_recall": 0.9176470588235294,
  "val_f1": 0.9017341040462428,
  "threshold": 0.5,
  "warnings": [],
  "metadata": {
    "hidden_dim": 32,
    "epochs": 80,
    "batch_size": 32,
    "learning_rate": 0.001,
    "use_class_weights": true,
    "pos_weight": 1.317307710647583,
    "seed": 42,
    "device": "cpu",
    "scope_note": "Atom reaction-center classifier only; no MLIP or energy/force training."
  }
}