{
  "n_examples": 459,
  "n_positive": 222,
  "n_negative": 237,
  "positive_fraction": 0.48366013071895425,
  "split_distribution": {
    "train": 299,
    "val": 111,
    "test": 49
  },
  "mechanism_distribution": {
    "sn2": 80,
    "e2": 61,
    "diels_alder": 70,
    "aldol": 13,
    "radical_bromination": 3,
    "benzylic_radical_bromination": 69,
    "cross_aldol": 11,
    "carbonyl_addition": 52,
    "control": 48,
    "nitroalkane_deprotonation": 16,
    "ester_control": 21,
    "nitrile_control": 15
  },
  "train_loss_history": [
    0.6965033411979675,
    0.6754676808010448,
    0.654132295738567,
    0.6290295015681874,
    0.6018881906162609,
    0.5716194835576144,
    0.5393618724562905,
    0.5066334876147184,
    0.47703068364750256,
    0.4496927423910661,
    0.42881765419786627,
    0.4068660112944516,
    0.39044681733304804,
    0.37359597466208716,
    0.36032954400235956,
    0.34702907638116315,
    0.3364222374829379,
    0.32686193558302795,
    0.317270582372492,
    0.30955512008883734,
    0.3006133491342718,
    0.29565761306069116,
    0.28871281986886804,
    0.2809369509870356,
    0.27475098046389496,
    0.27053608948534186,
    0.2651951624588533,
    0.2611218365755948,
    0.25709368288517,
    0.25306726179339667,
    0.25007005442272534,
    0.24657610600644891,
    0.24587394161657852,
    0.2387999648397619,
    0.23584658720276572,
    0.23387085849588568,
    0.2311746274883097,
    0.22921887311068448,
    0.22965068166906183,
    0.226092973893339,
    0.22212241996418347,
    0.22110775316303427,
    0.22070444917136972,
    0.22017506577751852,
    0.21612675217064944,
    0.21493592993779617,
    0.2147810994224115,
    0.2127370617606423,
    0.2132794518362392,
    0.21027460355650296,
    0.20861638405106284,
    0.20942456072027033,
    0.2063145928762176,
    0.20726378736170856,
    0.20501861653544687,
    0.2059286121617664,
    0.20296377349983563,
    0.20473661747845737,
    0.2016724388707768,
    0.2026128037409349,
    0.2009903700514273,
    0.20028514550490814,
    0.19828320091420953,
    0.19849977100437338,
    0.19769382205876437,
    0.19716834344647147,
    0.19655452871864493,
    0.19596004621549087,
    0.19469328224658966,
    0.19484381716359744,
    0.19458903846415607,
    0.19471327554095874,
    0.19393773106011478,
    0.19252606887709012,
    0.1923452548005364,
    0.19211392578753558,
    0.19206667149608786,
    0.19201164218512448,
    0.19059635631062768,
    0.19314023039557718
  ],
  "train_accuracy": 0.9166666666666666,
  "val_accuracy": 0.8468468468468469,
  "val_precision": 0.7833333333333333,
  "val_recall": 0.9215686274509803,
  "val_f1": 0.8468468468468469,
  "threshold": 0.5,
  "warnings": [],
  "metadata": {
    "hidden_dim": 32,
    "epochs": 80,
    "batch_size": 32,
    "learning_rate": 0.001,
    "use_class_weights": true,
    "pos_weight": 1.0675675868988037,
    "seed": 42,
    "device": "cpu",
    "scope_note": "Atom reaction-center classifier only; no MLIP or energy/force training."
  }
}