{
  "predictor_name": "atom_center_head",
  "n_reactions": 71,
  "n_atom_examples": 459,
  "atom_accuracy": 0.8997821350762527,
  "atom_precision": 0.8826086956521739,
  "atom_recall": 0.9144144144144144,
  "atom_f1": 0.8982300884955753,
  "reaction_center_precision": 0.8817204301075269,
  "reaction_center_recall": 0.9453551912568305,
  "reaction_center_f1": 0.9053864168618266,
  "per_mechanism_f1": {
    "aldol": 0.7333333333333334,
    "benzylic_radical_bromination": 0.8272108843537415,
    "carbonyl_addition": 0.8756613756613756,
    "control": null,
    "cross_aldol": 0.5,
    "diels_alder": 0.9777777777777779,
    "e2": 0.925925925925926,
    "ester_control": 1.0,
    "nitrile_control": 1.0,
    "nitroalkane_deprotonation": 1.0,
    "radical_bromination": 0.0,
    "sn2": 0.9638095238095238
  },
  "threshold": 0.5,
  "metadata": {
    "scope_note": "Atom reaction-center classifier only; no MLIP.",
    "exact_match": 42,
    "empty_truth": 10,
    "empty_prediction": 1,
    "partial_overlap": 18,
    "extra_atoms": 14,
    "wrong_nonoverlap": 0
  }
}