{
  "overall": {
    "predictor_name": "atom_center_head_template_split",
    "n_reactions": 125,
    "n_atom_examples": 723,
    "atom_accuracy": 0.9322268326417704,
    "atom_precision": 0.9183673469387755,
    "atom_recall": 0.9152542372881356,
    "atom_f1": 0.9168081494057725,
    "reaction_center_precision": 0.910752688172043,
    "reaction_center_recall": 0.9587813620071685,
    "reaction_center_f1": 0.9244580986516471,
    "per_mechanism_f1": {
      "aldol": 0.7333333333333334,
      "benzylic_radical_bromination": 0.9274725274725275,
      "carbonyl_addition": 0.9066666666666666,
      "control": null,
      "cross_aldol": 0.5714285714285715,
      "diels_alder": 0.9792592592592592,
      "e2": 0.9583333333333334,
      "ester_control": null,
      "nitrile_control": null,
      "nitroalkane_deprotonation": 1.0,
      "radical_bromination": 0.0,
      "sn2": 0.9170068027210884
    },
    "threshold": 0.5,
    "metadata": {
      "scope_note": "Atom reaction-center classifier only; no MLIP.",
      "exact_match": 67,
      "empty_truth": 32,
      "empty_prediction": 1,
      "partial_overlap": 25,
      "extra_atoms": 21,
      "wrong_nonoverlap": 0
    }
  },
  "train": {
    "predictor_name": "atom_center_head_template_split_train",
    "n_reactions": 93,
    "n_atom_examples": 562,
    "atom_accuracy": 0.9412811387900356,
    "atom_precision": 0.9262295081967213,
    "atom_recall": 0.9377593360995851,
    "atom_f1": 0.931958762886598,
    "reaction_center_precision": 0.9207762557077626,
    "reaction_center_recall": 0.9726027397260274,
    "reaction_center_f1": 0.9380734942378778,
    "per_mechanism_f1": {
      "benzylic_radical_bromination": 0.9333333333333332,
      "carbonyl_addition": 0.875,
      "control": null,
      "diels_alder": 0.9777777777777777,
      "e2": 0.9333333333333333,
      "ester_control": null,
      "nitrile_control": null,
      "nitroalkane_deprotonation": 1.0,
      "sn2": 0.9170068027210884
    },
    "threshold": 0.5,
    "metadata": {
      "scope_note": "Atom reaction-center classifier only; no MLIP.",
      "exact_match": 54,
      "empty_truth": 20,
      "empty_prediction": 0,
      "partial_overlap": 19,
      "extra_atoms": 17,
      "wrong_nonoverlap": 0
    }
  },
  "val": {
    "predictor_name": "atom_center_head_template_split_val",
    "n_reactions": 10,
    "n_atom_examples": 59,
    "atom_accuracy": 0.8813559322033898,
    "atom_precision": 0.7333333333333333,
    "atom_recall": 0.7857142857142857,
    "atom_f1": 0.7586206896551724,
    "reaction_center_precision": 0.5375,
    "reaction_center_recall": 0.75,
    "reaction_center_f1": 0.6071428571428572,
    "per_mechanism_f1": {
      "benzylic_radical_bromination": 0.8571428571428571,
      "cross_aldol": 0.5714285714285715,
      "diels_alder": 1.0,
      "ester_control": null,
      "radical_bromination": 0.0
    },
    "threshold": 0.5,
    "metadata": {
      "scope_note": "Atom reaction-center classifier only; no MLIP.",
      "exact_match": 1,
      "empty_truth": 6,
      "empty_prediction": 1,
      "partial_overlap": 2,
      "extra_atoms": 2,
      "wrong_nonoverlap": 0
    }
  },
  "test": {
    "predictor_name": "atom_center_head_template_split_test",
    "n_reactions": 22,
    "n_atom_examples": 102,
    "atom_accuracy": 0.9117647058823529,
    "atom_precision": 0.9428571428571428,
    "atom_recall": 0.825,
    "atom_f1": 0.88,
    "reaction_center_precision": 0.9583333333333334,
    "reaction_center_recall": 0.9479166666666666,
    "reaction_center_f1": 0.9416666666666667,
    "per_mechanism_f1": {
      "aldol": 0.7333333333333334,
      "carbonyl_addition": 0.9428571428571428,
      "control": null,
      "e2": 1.0,
      "nitroalkane_deprotonation": 1.0
    },
    "threshold": 0.5,
    "metadata": {
      "scope_note": "Atom reaction-center classifier only; no MLIP.",
      "exact_match": 12,
      "empty_truth": 6,
      "empty_prediction": 0,
      "partial_overlap": 4,
      "extra_atoms": 2,
      "wrong_nonoverlap": 0
    }
  }
}