{
  "n_examples": 930,
  "n_positive": 443,
  "n_negative": 487,
  "positive_fraction": 0.47634408602150535,
  "split_distribution": {
    "train": 685,
    "val": 119,
    "test": 56,
    "draft": 70
  },
  "mechanism_distribution": {
    "sn2": 98,
    "e2": 91,
    "diels_alder": 183,
    "aldol": 43,
    "radical_bromination": 3,
    "benzylic_radical_bromination": 111,
    "cross_aldol": 53,
    "carbonyl_addition": 88,
    "control": 60,
    "nitroalkane_deprotonation": 46,
    "ester_control": 51,
    "nitrile_control": 33,
    "reductive_amination": 37,
    "hetero_diels_alder": 33
  },
  "train_loss_history": [
    0.6971288346327268,
    0.6405900716781616,
    0.5686905831098557,
    0.48898867116524625,
    0.41880844074946183,
    0.3684043580522904,
    0.33908264568218816,
    0.31761616869614673,
    0.29866614364660704,
    0.28892495196599227,
    0.27970697386906695,
    0.276330278469966,
    0.2724190480433978,
    0.26144193141506267,
    0.2688923374964641,
    0.2645999605839069,
    0.25336653796526104,
    0.2494583106957949,
    0.25030493850891405,
    0.251652476306145,
    0.2501793669966551,
    0.2402959235299092,
    0.24602781494076437,
    0.2449115368609245,
    0.23791730862397414,
    0.2380118713929103,
    0.23342733429028437,
    0.24017376968493828,
    0.24378599584675753,
    0.23498365942102212,
    0.2287314935372426,
    0.22832482938583082,
    0.23287464305758476,
    0.22508719334235558,
    0.23272424993606713,
    0.2270919646208103,
    0.22343033666794115,
    0.22017744255180544,
    0.22245506884960028,
    0.22531163649490246,
    0.2217292765585276,
    0.2244834126188205,
    0.22391072689340666,
    0.21987909795000002,
    0.21644183305593637,
    0.2255926997615741,
    0.21684120824703804,
    0.21383118342894775,
    0.22052211973529595,
    0.21424252482560965,
    0.21264479051415736,
    0.21581671071740297,
    0.2118255372803945,
    0.21802118936410317,
    0.2105498846906882,
    0.2110800167115835,
    0.21112218527839735,
    0.21143542574002192,
    0.20642196558989012,
    0.2089373188523146,
    0.21271670065247095,
    0.2129931106017186,
    0.21334570015852267,
    0.21019480950557268,
    0.20891343658933273,
    0.20476384747486848,
    0.2046609753026412,
    0.20801502638138258,
    0.2045883355805507,
    0.20479647614634955,
    0.2020086648945625,
    0.20169037494521874,
    0.20884324380984673,
    0.2032631724499739,
    0.2033791499069104,
    0.2078097746349298,
    0.20597560732410505,
    0.20056008117703292,
    0.19913285225629807,
    0.20436178634946162,
    0.2145255018885319,
    0.19743264423540005,
    0.19689143663988665,
    0.206548516280376,
    0.20245852034825546,
    0.19776576843399268,
    0.19809415678565317,
    0.19537393992336896,
    0.1944898462925966,
    0.19656422562324083,
    0.19580261753155634,
    0.1985140577531778,
    0.20167622629266518,
    0.2035615358215112,
    0.19402585780391327,
    0.2035372520868595,
    0.1971738123549865,
    0.1955648333980487,
    0.20167690343581712,
    0.1961389212654187
  ],
  "train_accuracy": 0.9235511713933415,
  "val_accuracy": 0.8823529411764706,
  "val_precision": 0.8928571428571429,
  "val_recall": 0.8620689655172413,
  "val_f1": 0.8771929824561403,
  "threshold": 0.5,
  "warnings": [],
  "metadata": {
    "hidden_dim": 32,
    "epochs": 100,
    "batch_size": 32,
    "learning_rate": 0.001,
    "use_class_weights": true,
    "pos_weight": 1.09932279586792,
    "seed": 42,
    "device": "mps",
    "scope_note": "Atom reaction-center classifier only; no MLIP or energy/force training."
  }
}