{
  "n_examples": 459,
  "n_positive": 199,
  "n_negative": 260,
  "positive_fraction": 0.4335511982570806,
  "split_distribution": {
    "train": 287,
    "test": 107,
    "val": 65
  },
  "mechanism_distribution": {
    "sn2": 80,
    "e2": 61,
    "diels_alder": 70,
    "aldol": 13,
    "radical_bromination": 3,
    "benzylic_radical_bromination": 69,
    "cross_aldol": 11,
    "carbonyl_addition": 52,
    "control": 48,
    "nitroalkane_deprotonation": 16,
    "ester_control": 21,
    "nitrile_control": 15
  },
  "train_loss_history": [
    0.7696556403086736,
    0.7393942567018362,
    0.7089515420106741,
    0.6684823265442481,
    0.6307255213077252,
    0.5784575847479013,
    0.5345005026230445,
    0.4946084160071153,
    0.45378422278624314,
    0.44919755596380967,
    0.4226875717823322,
    0.3995620058133052,
    0.3961953864647792,
    0.3626637000304002,
    0.3585382791665884,
    0.3494753814660586,
    0.33495758359248823,
    0.3423600896046712,
    0.31750125266038454,
    0.30860526859760284,
    0.30924786168795365,
    0.3081349294919234,
    0.29806225918806517,
    0.2924791287917357,
    0.2928424168091554,
    0.27800276302374327,
    0.2859821766614914,
    0.2763059116326846,
    0.27158291752521807,
    0.27829331847337574,
    0.2710719945339056,
    0.27736922525442564,
    0.2691088066651271,
    0.26749441715387196,
    0.2598139632206697,
    0.26554347230837894,
    0.2669391127733084,
    0.26035492752607053,
    0.27147368169747865,
    0.26232641018353975,
    0.24826514033170846,
    0.2591655712861281,
    0.2422913330105635,
    0.2518857511190268,
    0.2591009426575441,
    0.26623256963032943,
    0.24551783330165422,
    0.25027228318727934,
    0.2504916810072385,
    0.24509621812747076,
    0.24599337577819824,
    0.24480315641714975,
    0.24018982740548941,
    0.24908892065286636,
    0.23763817434127515,
    0.2293846091398826,
    0.23469611429251158,
    0.227550296829297,
    0.23393408839519209,
    0.22304509451182988,
    0.22926160234671372,
    0.22943616257264063,
    0.22791506006167486,
    0.2399554390173692,
    0.24010035051749304,
    0.2390268943630732,
    0.22850583493709564,
    0.2319184232216615,
    0.23152819390480334,
    0.2172884333592195,
    0.24002492485138086,
    0.22914598137140274,
    0.23592012662153977,
    0.23008371660342583,
    0.22082668428237623,
    0.23851408178989703,
    0.23142408923460886,
    0.2207158494454164,
    0.21638834361846632,
    0.22232895745680883
  ],
  "train_accuracy": 0.9035532994923858,
  "val_accuracy": 0.8307692307692308,
  "val_precision": 0.6,
  "val_recall": 0.8,
  "val_f1": 0.6857142857142857,
  "threshold": 0.5,
  "warnings": [],
  "metadata": {
    "hidden_dim": 32,
    "epochs": 80,
    "batch_size": 32,
    "learning_rate": 0.001,
    "use_class_weights": true,
    "pos_weight": 1.306532621383667,
    "seed": 42,
    "device": "cpu",
    "scope_note": "Atom reaction-center classifier only; no MLIP or energy/force training."
  }
}