{
  "strict_split_reports": {
    "overall": {
      "predictor_name": "atom_center_head_template_split",
      "n_reactions": 71,
      "n_atom_examples": 459,
      "atom_accuracy": 0.8932461873638344,
      "atom_precision": 0.8605769230769231,
      "atom_recall": 0.8994974874371859,
      "atom_f1": 0.8796068796068797,
      "reaction_center_precision": 0.8698830409356726,
      "reaction_center_recall": 0.9502923976608186,
      "reaction_center_f1": 0.8921748816485658,
      "per_mechanism_f1": {
        "aldol": 0.7333333333333334,
        "benzylic_radical_bromination": 0.8272108843537415,
        "carbonyl_addition": 0.8666666666666667,
        "control": null,
        "cross_aldol": 0.5714285714285715,
        "diels_alder": 0.9372134038800706,
        "e2": 0.9333333333333333,
        "ester_control": null,
        "nitrile_control": null,
        "nitroalkane_deprotonation": 1.0,
        "radical_bromination": 0.0,
        "sn2": 0.9638095238095238
      },
      "threshold": 0.5,
      "metadata": {
        "scope_note": "Atom reaction-center classifier only; no MLIP.",
        "exact_match": 33,
        "empty_truth": 14,
        "empty_prediction": 1,
        "partial_overlap": 23,
        "extra_atoms": 19,
        "wrong_nonoverlap": 0
      }
    },
    "train": {
      "predictor_name": "atom_center_head_template_split_train",
      "n_reactions": 46,
      "n_atom_examples": 287,
      "atom_accuracy": 0.8815331010452961,
      "atom_precision": 0.874251497005988,
      "atom_recall": 0.9182389937106918,
      "atom_f1": 0.8957055214723927,
      "reaction_center_precision": 0.8784552845528455,
      "reaction_center_recall": 0.975609756097561,
      "reaction_center_f1": 0.910956252419667,
      "per_mechanism_f1": {
        "benzylic_radical_bromination": 0.8309523809523809,
        "carbonyl_addition": 0.8666666666666667,
        "control": null,
        "diels_alder": 0.9372134038800706,
        "e2": 0.7777777777777777,
        "nitrile_control": null,
        "nitroalkane_deprotonation": 1.0,
        "sn2": 0.9638095238095238
      },
      "threshold": 0.5,
      "metadata": {
        "scope_note": "Atom reaction-center classifier only; no MLIP.",
        "exact_match": 23,
        "empty_truth": 5,
        "empty_prediction": 0,
        "partial_overlap": 18,
        "extra_atoms": 16,
        "wrong_nonoverlap": 0
      }
    },
    "val": {
      "predictor_name": "atom_center_head_template_split_val",
      "n_reactions": 8,
      "n_atom_examples": 65,
      "atom_accuracy": 0.8307692307692308,
      "atom_precision": 0.6,
      "atom_recall": 0.8,
      "atom_f1": 0.6857142857142857,
      "reaction_center_precision": 0.5133333333333333,
      "reaction_center_recall": 0.8,
      "reaction_center_f1": 0.6076190476190476,
      "per_mechanism_f1": {
        "benzylic_radical_bromination": 0.8222222222222223,
        "cross_aldol": 0.5714285714285715,
        "ester_control": null,
        "radical_bromination": 0.0
      },
      "threshold": 0.5,
      "metadata": {
        "scope_note": "Atom reaction-center classifier only; no MLIP.",
        "exact_match": 1,
        "empty_truth": 3,
        "empty_prediction": 1,
        "partial_overlap": 3,
        "extra_atoms": 3,
        "wrong_nonoverlap": 0
      }
    },
    "test": {
      "predictor_name": "atom_center_head_template_split_test",
      "n_reactions": 17,
      "n_atom_examples": 107,
      "atom_accuracy": 0.9626168224299065,
      "atom_precision": 1.0,
      "atom_recall": 0.84,
      "atom_f1": 0.9130434782608696,
      "reaction_center_precision": 1.0,
      "reaction_center_recall": 0.9242424242424242,
      "reaction_center_f1": 0.9515151515151515,
      "per_mechanism_f1": {
        "aldol": 0.7333333333333334,
        "control": null,
        "e2": 1.0,
        "nitroalkane_deprotonation": 1.0
      },
      "threshold": 0.5,
      "metadata": {
        "scope_note": "Atom reaction-center classifier only; no MLIP.",
        "exact_match": 9,
        "empty_truth": 6,
        "empty_prediction": 0,
        "partial_overlap": 2,
        "extra_atoms": 0,
        "wrong_nonoverlap": 0
      }
    }
  },
  "references": {
    "rule_based_negotiated": 0.892896174863388,
    "new_mlp_aware_negotiated": 0.7972677595628416,
    "non_strict_atom_center_head": 0.9054
  },
  "primary_metric": "test.reaction_center_f1",
  "strict_test_reaction_center_f1": 0.9515151515151515,
  "scope_note": "Strict split atom-center benchmark only; no MLIP training."
}