{
  "scope_note": "Leakage-free K-fold OOF center head vs. negotiator, same 166 rxns, same role_mlp.pt.",
  "k_folds": 5,
  "seed": 42,
  "center_head_config": {
    "hidden_dim": 32,
    "epochs": 80,
    "batch_size": 32,
    "learning_rate": 0.001,
    "use_class_weights": true,
    "seed": 42,
    "device": "cpu"
  },
  "n_reactions": 166,
  "center_head_oof": {
    "predictor_name": "center_head_oof_cv",
    "n_reactions": 166,
    "n_atom_examples": 1135,
    "atom_accuracy": 0.8511013215859031,
    "atom_precision": 0.8307426597582038,
    "atom_recall": 0.8713768115942029,
    "atom_f1": 0.8505747126436782,
    "reaction_center_precision": 0.8657989812840559,
    "reaction_center_recall": 0.9497512437810945,
    "reaction_center_f1": 0.8872494835181403,
    "per_mechanism_f1": {
      "aldol": 0.7938852813852814,
      "benzylic_radical_bromination": 0.9274725274725275,
      "carbonyl_addition": 0.9333333333333333,
      "control": null,
      "cross_aldol": 0.7771428571428571,
      "diels_alder": 0.9797979797979799,
      "e2": 0.9,
      "ester_control": null,
      "hetero_diels_alder": 0.7261904761904762,
      "michael_addition": 0.6420408295408295,
      "nitrile_control": null,
      "nitroalkane_deprotonation": 1.0,
      "radical_bromination": 0.0,
      "reductive_amination": 0.8500000000000001,
      "sn2": 0.9741496598639455
    },
    "threshold": 0.5,
    "metadata": {
      "scope_note": "Atom reaction-center classifier only; no MLIP.",
      "exact_match": 77,
      "empty_truth": 32,
      "empty_prediction": 1,
      "partial_overlap": 56,
      "extra_atoms": 44,
      "wrong_nonoverlap": 0
    }
  },
  "negotiator_baseline_matched": {
    "reaction_center_precision": 0.9359452736318409,
    "reaction_center_recall": 0.845273631840796,
    "reaction_center_f1": 0.8781094527363185
  },
  "committed_train_set_center_head_f1": 0.935
}