{
  "dataset_name": "MD17/rMD17",
  "n_structures": 3,
  "n_success": 3,
  "n_failed": 0,
  "energy_mae": 1025.7215885416665,
  "energy_rmse": 1025.7215891934738,
  "energy_mae_raw": 1025.7215885416665,
  "energy_rmse_raw": 1025.7215891934738,
  "energy_mae_mean_shifted": 0.030571831597171695,
  "energy_rmse_mean_shifted": 0.03656699831281362,
  "energy_offset_applied": -1025.7215885416665,
  "energy_offset_definition": "mean(predicted_energy - reference_energy)",
  "force_mae": 0.7592458504907511,
  "force_rmse": 1.02447938874509,
  "per_element_force_rmse": {
    "C": 1.452938883164955,
    "H": 0.7659857885183838
  },
  "per_structure_force_rmse": [
    {
      "structure_id": "md17_md17_tiny_synthetic_0",
      "force_rmse": 0.9508706922228688,
      "n_atoms": 3
    },
    {
      "structure_id": "md17_md17_tiny_synthetic_1",
      "force_rmse": 1.313967769387351,
      "n_atoms": 3
    },
    {
      "structure_id": "md17_md17_tiny_synthetic_2",
      "force_rmse": 0.8085997046250503,
      "n_atoms": 3
    }
  ],
  "max_force_rmse_structure_id": "md17_md17_tiny_synthetic_1",
  "n_force_components_compared": 27,
  "n_atoms_compared": 9,
  "records": [
    {
      "structure_id": "md17_md17_tiny_synthetic_0",
      "molecule_id": "md17_tiny_synthetic",
      "dataset_name": "MD17/rMD17",
      "reference_energy": -40.0,
      "predicted_energy": -1065.7193603515625,
      "energy_error": -1025.7193603515625,
      "reference_forces": [
        [
          0.0,
          0.0,
          0.0
        ],
        [
          0.0,
          0.0,
          0.0
        ],
        [
          0.0,
          0.0,
          0.0
        ]
      ],
      "predicted_forces": [
        [
          -1.8835325241088867,
          0.0,
          -1.3665494918823242
        ],
        [
          0.899921715259552,
          0.0,
          0.7579912543296814
        ],
        [
          0.9836108684539795,
          0.0,
          0.6085582971572876
        ]
      ],
      "force_errors": [
        [
          -1.8835325241088867,
          0.0,
          -1.3665494918823242
        ],
        [
          0.899921715259552,
          0.0,
          0.7579912543296814
        ],
        [
          0.9836108684539795,
          0.0,
          0.6085582971572876
        ]
      ],
      "force_rmse": 0.9508706922228688,
      "force_mae": 0.7222404612435235,
      "n_atoms": 3,
      "metadata": {
        "backend_name": "mace",
        "model_name": "mace-off-small"
      }
    },
    {
      "structure_id": "md17_md17_tiny_synthetic_1",
      "molecule_id": "md17_tiny_synthetic",
      "dataset_name": "MD17/rMD17",
      "reference_energy": -39.98,
      "predicted_energy": -1065.657958984375,
      "energy_error": -1025.677958984375,
      "reference_forces": [
        [
          0.0,
          0.0,
          0.0
        ],
        [
          0.0,
          0.0,
          0.0
        ],
        [
          0.0,
          0.0,
          0.0
        ]
      ],
      "predicted_forces": [
        [
          -2.828059434890747,
          -0.06355433911085129,
          -1.31201171875
        ],
        [
          0.8469282388687134,
          0.03739854320883751,
          1.0499149560928345
        ],
        [
          1.9811313152313232,
          0.026155803352594376,
          0.26209673285484314
        ]
      ],
      "force_errors": [
        [
          -2.828059434890747,
          -0.06355433911085129,
          -1.31201171875
        ],
        [
          0.8469282388687134,
          0.03739854320883751,
          1.0499149560928345
        ],
        [
          1.9811313152313232,
          0.026155803352594376,
          0.26209673285484314
        ]
      ],
      "force_rmse": 1.313967769387351,
      "force_mae": 0.9341390091511939,
      "n_atoms": 3,
      "metadata": {
        "backend_name": "mace",
        "model_name": "mace-off-small"
      }
    },
    {
      "structure_id": "md17_md17_tiny_synthetic_2",
      "molecule_id": "md17_tiny_synthetic",
      "dataset_name": "MD17/rMD17",
      "reference_energy": -39.99,
      "predicted_energy": -1065.7574462890625,
      "energy_error": -1025.7674462890625,
      "reference_forces": [
        [
          0.0,
          0.0,
          0.0
        ],
        [
          0.0,
          0.0,
          0.0
        ],
        [
          0.0,
          0.0,
          0.0
        ]
      ],
      "predicted_forces": [
        [
          -1.5215957164764404,
          0.03172190859913826,
          -1.2427937984466553
        ],
        [
          0.9234613180160522,
          -0.014268046244978905,
          0.4792996048927307
        ],
        [
          0.5981343388557434,
          -0.017453864216804504,
          0.7634941339492798
        ]
      ],
      "force_errors": [
        [
          -1.5215957164764404,
          0.03172190859913826,
          -1.2427937984466553
        ],
        [
          0.9234613180160522,
          -0.014268046244978905,
          0.4792996048927307
        ],
        [
          0.5981343388557434,
          -0.017453864216804504,
          0.7634941339492798
        ]
      ],
      "force_rmse": 0.8085997046250503,
      "force_mae": 0.621358081077536,
      "n_atoms": 3,
      "metadata": {
        "backend_name": "mace",
        "model_name": "mace-off-small"
      }
    }
  ],
  "failures": [],
  "metadata": {
    "energy_unit": "eV",
    "force_unit": "eV/Angstrom",
    "scope_note": "Molecular conformer energy/force benchmark only; no MLIP training."
  }
}