{
  "phase": "8.7",
  "dataset_path": "data/reactions.proposed_with_auto_promoted.normalized.json",
  "checkpoint_path": "models/role_mlp_promoted.pt",
  "n_reactions": 71,
  "n_labels": 133,
  "n_training_examples": 133,
  "role_distribution": {
    "leaving_group": 25,
    "reactive_nucleophile": 25,
    "reactive_electrophile": 21,
    "spectator": 55,
    "reactive_radical": 7
  },
  "mechanism_distribution": {
    "sn2": 15,
    "e2": 10,
    "diels_alder": 9,
    "aldol": 2,
    "radical_bromination": 1,
    "benzylic_radical_bromination": 7,
    "cross_aldol": 1,
    "carbonyl_addition": 9,
    "control": 8,
    "nitroalkane_deprotonation": 3,
    "ester_control": 3,
    "nitrile_control": 3
  },
  "split_distribution": {
    "train": 47,
    "val": 16,
    "test": 8
  },
  "training_example_summary": {
    "n_examples": 133,
    "n_features": 55,
    "role_counts": {
      "reactive_nucleophile": 25,
      "reactive_electrophile": 21,
      "reactive_radical": 7,
      "leaving_group": 25,
      "spectator": 55
    },
    "group_type_counts": {
      "halide": 25,
      "alkene": 27,
      "carbonyl": 15,
      "alpha_carbon": 25,
      "aromatic": 15,
      "benzylic_site": 10,
      "nitrile": 6,
      "ester": 5,
      "phenol": 1,
      "alcohol": 1,
      "nitro": 3
    },
    "split_counts": {
      "train": 88,
      "val": 30,
      "test": 15
    },
    "metadata": {
      "schema_version": "phase3_v1",
      "min_role_count": 7,
      "max_role_count": 55,
      "missing_roles": "",
      "roles_below_10": "reactive_radical"
    }
  },
  "hyperparameters": {
    "epochs": 80,
    "hidden_dim": 32,
    "batch_size": 8,
    "learning_rate": 0.001,
    "use_class_weights": true,
    "seed": 42,
    "device": "cpu"
  },
  "training_history": {
    "train_loss": [
      7.770233604395501,
      4.971486630840836,
      3.634877503475296,
      2.4797230858669104,
      2.208691111234861,
      1.8537450482912152,
      1.7973180842176777,
      1.637569208011449,
      1.715977884898676,
      1.4471367664426287,
      1.3521100761734437,
      1.3378506620353627,
      1.3223562474562742,
      1.2882287691686756,
      1.3031539560478425,
      1.207873766667375,
      1.3018873049834063,
      1.2712407535481676,
      1.197454817384203,
      1.1815445868768424,
      1.0951715083879845,
      1.0607779839328517,
      1.049049844251615,
      0.9907246621969704,
      1.0019909761776433,
      0.950206822324022,
      0.9833498118079711,
      0.9121109670567735,
      0.8903566615603794,
      0.8696026378702895,
      0.8316013033144942,
      0.78606215648562,
      0.838078999073706,
      0.7510783516357993,
      0.7325477201804936,
      0.7311561608982977,
      0.7418003176974359,
      0.6788854621281134,
      0.6585693353804473,
      0.7006303364428405,
      0.6829180650621931,
      0.6635452770741186,
      0.6089735554757519,
      0.6400775555695328,
      0.6669629466867892,
      0.6243582819109765,
      0.5875190446309955,
      0.6008743752385969,
      0.6118717823073129,
      0.554813515917163,
      0.5449241032110197,
      0.5107261697265589,
      0.5556202542001956,
      0.5132355567450836,
      0.5462366607144614,
      0.48030723533897757,
      0.469463330005931,
      0.4904045245357763,
      0.4402069246100488,
      0.5087937551124073,
      0.4603176336979198,
      0.5030041816078614,
      0.4652340740801018,
      0.4420480062471372,
      0.4256927499147219,
      0.4626876015529454,
      0.43786499349870417,
      0.48852910226750595,
      0.4393056803774611,
      0.40375062642253445,
      0.4569567829091972,
      0.3779407196512846,
      0.41730381005278255,
      0.4049355382117156,
      0.4322078194573661,
      0.38450052247983274,
      0.4355499376760465,
      0.39893215692767475,
      0.36601556997711415,
      0.420445694544605
    ],
    "val_loss": [
      4.128570556640625,
      2.7584116458892822,
      2.1404664516448975,
      1.6340148448944092,
      1.6602928638458252,
      1.5221855640411377,
      1.3726940155029297,
      1.325433611869812,
      1.3015432357788086,
      1.2669974565505981,
      1.2461767196655273,
      1.187411904335022,
      1.204253077507019,
      1.1294302940368652,
      1.103509545326233,
      1.0986192226409912,
      1.035531759262085,
      1.0740423202514648,
      1.0107510089874268,
      0.9663110375404358,
      0.9603174328804016,
      0.8988073468208313,
      0.9047683477401733,
      0.8658577799797058,
      0.8338348269462585,
      0.80519038438797,
      0.7738484740257263,
      0.7682124376296997,
      0.7487187385559082,
      0.7176627516746521,
      0.6898412704467773,
      0.6802726984024048,
      0.6503637433052063,
      0.6372031569480896,
      0.5974698662757874,
      0.58737713098526,
      0.5935248732566833,
      0.5708853006362915,
      0.5350911021232605,
      0.5548276901245117,
      0.5132222771644592,
      0.5009655356407166,
      0.4860180914402008,
      0.47033870220184326,
      0.4745933711528778,
      0.4736481010913849,
      0.45614203810691833,
      0.4290618598461151,
      0.4313226640224457,
      0.41933131217956543,
      0.40065106749534607,
      0.41590046882629395,
      0.40067610144615173,
      0.37066662311553955,
      0.38194409012794495,
      0.38548243045806885,
      0.3521158993244171,
      0.36544713377952576,
      0.3514372408390045,
      0.34160947799682617,
      0.34053388237953186,
      0.32028624415397644,
      0.3471646010875702,
      0.3180433511734009,
      0.3257260322570801,
      0.31547772884368896,
      0.344786137342453,
      0.31904253363609314,
      0.3332476317882538,
      0.3199073374271393,
      0.3155241012573242,
      0.31321650743484497,
      0.29115918278694153,
      0.311765193939209,
      0.29630473256111145,
      0.28149718046188354,
      0.29904013872146606,
      0.2902127802371979,
      0.2868483364582062,
      0.27697792649269104
    ],